/*FICHERO PARA LA CARGA DE DATOS DE PRUEBA DE LA BASE DE DATOS*/
/*CIUDAD*/
INSERT INTO CIUDAD VALUES (1,'MADRID');
INSERT INTO CIUDAD VALUES (2,'BARCELONA');
INSERT INTO CIUDAD VALUES(3,'BILBAO');
INSERT INTO CIUDAD VALUES(4,'SEVILLA');
INSERT INTO CIUDAD VALUES(5, 'ZARAGOZA');

/*USUARIO*/
INSERT INTO USUARIO VALUES ('78912345A','MARTA','ANGUIANO','MA@OPENDEUSTO.ES','1111A','28-DIC-1995');
INSERT INTO USUARIO VALUES ('45615975B','YASMIN','MARTIN','YM@OPENDEUSTO.ES','2222B','24-ABR-1995');
INSERT INTO USUARIO VALUES ('45876562C','ASIER','GUTIERREZ','AG@OPENDEUSTO.ES','3333C','08-FEB-1995');
INSERT INTO USUARIO VALUES ('78945623D','IVAN','FERNANDEZ','IM@OPENDEUSTO.ES','4444D','18-MAY-1995');
INSERT INTO USUARIO VALUES ('56390874E','CARLOS','LANDA','CL@OPENDEUSTO.ES','5555E','07-SEP-1995');

/*TIPO_DATO_BANCARIO*/
INSERT INTO TIPO_DATO_BANCARIO VALUES(1,'CUENTA BANCARIA');
INSERT INTO TIPO_DATO_BANCARIO VALUES(2,'PAYPAL');
INSERT INTO TIPO_DATO_BANCARIO VALUES(3,'TARJETA DE CREDITO');
INSERT INTO TIPO_DATO_BANCARIO VALUES(4,'TARJETA DE DEBITO');
INSERT INTO TIPO_DATO_BANCARIO VALUES(5,'MASTERCARD');

/*DATO_BANCARIO*/
INSERT INTO DATO_BANCARIO VALUES('1A1B',111,1,'78912345A');
INSERT INTO DATO_BANCARIO VALUES('2C2D',222,2,'45615975B');
INSERT INTO DATO_BANCARIO VALUES('3E3F',333,3,'45876562C');
INSERT INTO DATO_BANCARIO VALUES('4G4H',444,4,'78945623D');
INSERT INTO DATO_BANCARIO VALUES('5I5J',555,5,'56390874E');

/*PUESTO*/
INSERT INTO PUESTO VALUES(1111,'TECNICO');
INSERT INTO PUESTO VALUES(2222,'ENCARGADO');
INSERT INTO PUESTO VALUES(3333,'JEFE');
INSERT INTO PUESTO VALUES(4444,'EMPLEADO');
INSERT INTO PUESTO VALUES(5555,'BECARIO');

/*ESTADO_PEDIDO*/
INSERT INTO ESTADO_PEDIDO VALUES(11,'ENVIADO');
INSERT INTO ESTADO_PEDIDO VALUES(22,'DEVUELTO');
INSERT INTO ESTADO_PEDIDO VALUES(33,'EN TRAMITE');
INSERT INTO ESTADO_PEDIDO VALUES(44,'RETRASADO');
INSERT INTO ESTADO_PEDIDO VALUES(55,'ENTREGADO');

/*CODIGO_POSTAL*/
INSERT INTO CODIGO_POSTAL VALUES(1,1);
INSERT INTO CODIGO_POSTAL VALUES(2,2);
INSERT INTO CODIGO_POSTAL VALUES(3,3);
INSERT INTO CODIGO_POSTAL VALUES(4,4);
INSERT INTO CODIGO_POSTAL VALUES(5,5);

/*DIRECCION*/
INSERT INTO DIRECCION VALUES(1,'1A',1,1);
INSERT INTO DIRECCION VALUES(2,'2B',2,2);
INSERT INTO DIRECCION VALUES(3,'3C',3,3);
INSERT INTO DIRECCION VALUES(4,'4D',4,4);
INSERT INTO DIRECCION VALUES(5,'5C',5,5);

/*MODELO (depende del producto)*/
INSERT INTO MODELO VALUES (1,'PLATA');
INSERT INTO MODELO VALUES (2,'NEGRO');
INSERT INTO MODELO VALUES (3,'GRANDE');
INSERT INTO MODELO VALUES (4,'PEQUEÑO');
INSERT INTO MODELO VALUES (5,'ORO');

/*CENTRO_DE_OPERACIONES*/
INSERT INTO CENTRO_DE_OPERACIONES VALUES(1,'VILLA OLA');
INSERT INTO CENTRO_DE_OPERACIONES VALUES(2,'LOLITAS');
INSERT INTO CENTRO_DE_OPERACIONES VALUES(3,'PEPE');
INSERT INTO CENTRO_DE_OPERACIONES VALUES(4,'FELICIANO');
INSERT INTO CENTRO_DE_OPERACIONES VALUES(5,'PEPO');

/*ALMACEN*/
INSERT INTO ALMACEN VALUES(1,'PEYO',1);
INSERT INTO ALMACEN VALUES(2,'ATUN',2);
INSERT INTO ALMACEN VALUES(3,'TECHNO',3);
INSERT INTO ALMACEN VALUES(4,'INFOR',4);
INSERT INTO ALMACEN VALUES(5,'PRENDAS',5);

/*OFICINA*/
INSERT INTO OFICINA VALUES(1,'OFICINA1',1);
INSERT INTO OFICINA VALUES(2,'OFICINA2',2);
INSERT INTO OFICINA VALUES(3,'OFICINA3',3);
INSERT INTO OFICINA VALUES(4,'OFICINA4',4);
INSERT INTO OFICINA VALUES(5,'OFICINA5',5);

/*EMPLEADO*/
INSERT INTO EMPLEADO VALUES ('98765432C','PEDRO',1000,'EGUNON','02-02-1992','PE@OPENDEUSTO.ES',67891,1111,2,1,3,'98765432C');
INSERT INTO EMPLEADO VALUES ('22558975C','SILVIA',2000,'ORTIZ','10-03-1991','SO@OPENDEUSTO.ES',23456,2222,1,3,3,'22558975C');
INSERT INTO EMPLEADO VALUES ('12345678A','JUAN',1000,'GARAY','01-01-1990','JG@OPENDEUSTO.ES',12345,1111,2,2,3,'98765432C');
INSERT INTO EMPLEADO VALUES ('78912345J','ELENA',1000,'JIMENEZ','07-04-1989','EJ@OPENDEUSTO.ES',78912,3333,4,4,3,'22558975C');
INSERT INTO EMPLEADO VALUES ('74185296A','JONAN',1500,'OPORTO','25-05-1992','JO@OPENDEUSTO.ES',34567,4444,5,5,3,'98765432C');

/*PEDIDO*/
INSERT INTO PEDIDO VALUES (1,'2 MOVILES','20-DIC-2015',11,'1A1B','12345678A','45615975B',1);
INSERT INTO PEDIDO VALUES (2,'CAMISETA','10-DIC-2015',55,'2C2B','98765432C','78912345A',2);
INSERT INTO PEDIDO VALUES (3,'PANTALON GRANDE','14-DIC-2015',44,'1A1B','98765432C','45876562C',2);
INSERT INTO PEDIDO VALUES (4,'1 MOVIL','22-DIC-2015',22,'1A1B','78912345J','45615975B',3);
INSERT INTO PEDIDO VALUES (5,'2 CAMISETAS','20-ENE-2015',33,'1A1B','78912345J','56390874E',5);

/*PRODUCTO*/
INSERT INTO PRODUCTO VALUES (14,'ROSA','CAMISA',20,01);
INSERT INTO PRODUCTO VALUES (15,'DORADO','MOVIL',120,02);
INSERT INTO PRODUCTO VALUES (16,'AZUL','FUNDA',25,03);
INSERT INTO PRODUCTO VALUES (17,'VAQUERO','PANTALON',30,04);
INSERT INTO PRODUCTO VALUES (18,'MARRON','MANTA',20,01);

/*RECLAMACION_QUEJA*/
INSERT INTO RECLAMACION_QUEJA VALUES(23,'ATENDIDA',01, 'ROTO',1,'12345678A');
INSERT INTO RECLAMACION_QUEJA VALUES(24,'EN ESPERA',10, 'RAYADO',2,'78912345J');
INSERT INTO RECLAMACION_QUEJA VALUES(25,'EN CURSO',11, 'NORECIBIDO',2,'74185296A');
INSERT INTO RECLAMACION_QUEJA VALUES(26,'EN ESPERA',111, 'AVERIADO',3,'78912345J');
INSERT INTO RECLAMACION_QUEJA VALUES(27,'FINALLIZADA',100, 'NOENTREGADO',4,'74185296A');

/*DISPONIBILIDAD*/
INSERT INTO DISPONIBILIDAD VALUES (5,3,4);
INSERT INTO DISPONIBILIDAD VALUES (3,4,8);
INSERT INTO DISPONIBILIDAD VALUES (2,1,1);
INSERT INTO DISPONIBILIDAD VALUES (1,2,2);
INSERT INTO DISPONIBILIDAD VALUES (4,5,4);

/* DOMICILIO_EMPLEADO*/
INSERT INTO DOMICILIO_EMPLEADO VALUES (3,'12345678A');
INSERT INTO DOMICILIO_EMPLEADO VALUES (5,'98765432C');
INSERT INTO DOMICILIO_EMPLEADO VALUES (4,'22558975C');
INSERT INTO DOMICILIO_EMPLEADO VALUES (2,'78912345J');
INSERT INTO DOMICILIO_EMPLEADO VALUES (1,'74185296A');

/* DOMICILIO_USUARIO*/
INSERT INTO DOMICILIO_USUARIO VALUES ('78912345A',1);
INSERT INTO DOMICILIO_USUARIO VALUES ('45615975B',3);
INSERT INTO DOMICILIO_USUARIO VALUES ('45876562C',2);
INSERT INTO DOMICILIO_USUARIO VALUES ('78945623D',4);
INSERT INTO DOMICILIO_USUARIO VALUES ('56390874E',5);

/*CONTIENE*/
INSERT INTO CONTIENE VALUES(15,1,2);
INSERT INTO CONTIENE VALUES(14,2,1);
INSERT INTO CONTIENE VALUES(16,3,2);
INSERT INTO CONTIENE VALUES(15,4,2);
INSERT INTO CONTIENE VALUES(14,5,2);